adc_mq135, adc_mq137, adc_mq138, adc_mq3, status
20801,18859,17189,22341,preheat
20837,18899,17218,22371,preheat
20873,18939,17260,22400,preheat
20910,18979,17312,22426,preheat
20956,19020,17355,22455,preheat
20997,19068,17412,22489,preheat
21046,19106,17469,22517,preheat
21083,19154,17527,22555,preheat
21119,19193,17595,22583,preheat
21154,19229,17654,22616,preheat
21180,19266,17705,22640,preheat
21202,19299,17747,22664,preheat
21226,19321,17783,22683,preheat
21243,19348,17797,22702,preheat
21249,19366,17817,22717,preheat
21268,19384,17849,22730,preheat
21284,19401,17875,22746,preheat
21299,19413,17891,22755,preheat
21300,19428,17901,22763,preheat
21310,19443,17927,22769,preheat
21333,19455,17954,22783,preheat
21339,19468,17978,22791,preheat
21354,19473,18000,22801,preheat
21361,19481,18001,22810,preheat
21363,19491,18002,22812,preheat
21371,19493,18023,22820,preheat
21375,19496,18050,22822,preheat
21374,19501,18057,22827,preheat
21385,19506,18068,22828,preheat
21390,19517,18065,22833,preheat
21401,19523,18077,22840,preheat
21409,19538,18082,22848,preheat
21427,19551,18091,22860,preheat
21439,19570,18092,22870,preheat
21452,19580,18114,22878,preheat
21460,19591,18137,22888,preheat
21468,19605,18168,22897,preheat
21485,19613,18183,22901,preheat
21495,19628,18184,22913,preheat
21506,19633,18194,22914,preheat
21516,19643,18196,22925,preheat
21520,19658,18213,22926,preheat
21533,19670,18246,22938,preheat
21542,19686,18268,22944,preheat
21553,19700,18299,22951,preheat
21569,19715,18325,22962,preheat
21580,19733,18348,22970,preheat
21597,19752,18359,22982,preheat
21616,19774,18375,22995,preheat
21631,19793,18401,23003,preheat
21644,19804,18426,23011,preheat
21650,19817,18459,23024,preheat
21668,19829,18486,23029,preheat
21678,19838,18507,23038,preheat
21696,19847,18517,23038,preheat
21706,19859,18534,23045,preheat
21711,19863,18539,23046,preheat
21718,19872,18558,23056,preheat
21723,19881,18583,23056,preheat
21726,19889,18572,23057,preheat
21732,19898,18570,23065,preheat
21740,19906,18583,23070,preheat
21738,19914,18599,23071,preheat
21736,19923,18615,23074,preheat
21733,19931,18629,23078,preheat
21741,19946,18648,23084,preheat
21761,19958,18653,23085,preheat
21773,19971,18656,23101,preheat
21793,19997,18669,23106,preheat
21807,20014,18688,23122,preheat
21831,20037,18713,23128,preheat
21844,20053,18734,23142,preheat
21862,20067,18761,23150,preheat
21872,20085,18771,23162,preheat
21885,20099,18797,23169,preheat
21898,20115,18831,23175,preheat
21917,20127,18866,23180,preheat
21928,20142,18890,23191,preheat
21937,20155,18905,23196,preheat
21951,20171,18925,23205,preheat
21963,20184,18940,23206,preheat
21976,20201,18955,23217,preheat
21989,20214,18956,23226,preheat
22000,20225,18966,23235,preheat
22002,20237,18984,23240,preheat
22009,20245,19002,23248,preheat
22022,20258,19012,23254,preheat
22031,20263,19020,23250,preheat
22044,20270,19036,23257,preheat
22053,20277,19053,23267,preheat
22048,20288,19082,23266,preheat
22060,20290,19110,23271,preheat
22061,20296,19120,23274,preheat
22061,20298,19128,23275,preheat
22069,20304,19124,23282,preheat
22061,20302,19111,23280,preheat
22054,20297,19109,23278,preheat
22054,20293,19096,23277,preheat
22055,20288,19075,23273,preheat
22047,20281,19063,23266,preheat
22047,20267,19054,23267,preheat
22033,20260,19040,23261,preheat
22029,20253,19037,23250,preheat
22015,20237,19022,23238,preheat
22009,20229,19015,23234,preheat
21994,20223,19024,23226,preheat
21993,20217,19021,23220,preheat
21988,20214,19009,23222,preheat
21985,20209,19002,23217,preheat
21985,20207,18993,23215,preheat
21985,20209,18984,23216,preheat
21990,20205,18975,23217,preheat
21988,20209,18979,23214,preheat
21984,20205,18975,23211,preheat
21986,20208,18957,23216,preheat
21991,20211,18947,23214,preheat
21995,20212,18940,23216,preheat
22002,20212,18945,23217,preheat
22007,20210,18945,23213,preheat
22011,20206,18954,23217,preheat
22014,20206,18967,23220,preheat
22009,20209,18976,23217,preheat
22004,20220,18992,23222,preheat
22017,20222,19012,23223,preheat
22021,20227,19020,23225,preheat
22027,20231,19032,23233,preheat
22026,20238,19047,23234,preheat
22036,20247,19051,23239,preheat
22044,20254,19055,23240,preheat
22055,20263,19047,23245,preheat
22061,20276,19063,23245,preheat
22067,20294,19105,23257,preheat
22086,20308,19139,23260,preheat
22106,20326,19162,23272,preheat
22120,20342,19189,23284,preheat
22125,20355,19222,23289,preheat
22134,20366,19236,23293,preheat
22147,20373,19253,23306,preheat
22148,20383,19252,23310,preheat
22156,20386,19239,23311,preheat
22159,20385,19217,23306,preheat
22162,20392,19203,23311,preheat
22166,20394,19215,23310,preheat
22166,20398,19217,23314,preheat
22166,20407,19218,23318,preheat
22175,20415,19226,23316,preheat
22182,20422,19228,23323,preheat
22192,20430,19245,23322,preheat
22194,20431,19252,23325,preheat
22196,20432,19260,23324,preheat
22195,20441,19278,23326,preheat
22190,20439,19287,23330,preheat
22191,20437,19281,23329,preheat
22196,20436,19271,23326,preheat
22196,20437,19265,23322,preheat
22190,20432,19263,23320,preheat
22190,20429,19248,23321,preheat
22184,20427,19225,23319,preheat
22179,20424,19217,23315,preheat
22172,20418,19202,23312,preheat
22163,20411,19187,23310,preheat
22158,20405,19176,23306,preheat
22158,20391,19168,23299,preheat
22156,20382,19172,23300,preheat
22152,20375,19162,23290,preheat
22149,20370,19166,23288,preheat
22137,20369,19170,23282,preheat
22129,20372,19191,23276,preheat
22127,20376,19223,23279,preheat
22135,20387,19252,23288,preheat
22136,20399,19276,23285,preheat
22147,20404,19294,23298,preheat
22157,20419,19312,23305,preheat
22165,20432,19333,23311,preheat
22182,20444,19362,23320,preheat
22194,20458,19376,23328,preheat
22210,20471,19386,23332,preheat
22229,20481,19390,23339,preheat
22244,20490,19387,23348,preheat
22253,20504,19387,23353,preheat
22269,20509,19391,23358,preheat
22272,20516,19392,23365,preheat
22284,20522,19401,23366,preheat
22287,20521,19426,23369,preheat
22287,20521,19445,23365,preheat
22283,20523,19466,23367,preheat
22281,20517,19467,23366,preheat
22282,20521,19456,23371,preheat
22285,20522,19442,23370,preheat
22289,20518,19427,23369,preheat
22290,20516,19412,23366,preheat
22290,20516,19407,23369,preheat
22287,20511,19416,23368,preheat
22285,20515,19434,23364,preheat
22286,20510,19440,23365,preheat
22288,20511,19443,23368,preheat
22287,20512,19442,23362,preheat
22290,20511,19443,23360,preheat
22292,20519,19450,23369,preheat
22297,20524,19449,23370,preheat
22301,20536,19469,23373,preheat
22312,20543,19491,23375,preheat
22324,20544,19499,23383,preheat
22331,20544,19500,23388,preheat
22333,20544,19498,23392,preheat
22334,20540,19500,23383,preheat
22322,20535,19489,23384,preheat
22303,20533,19493,23383,preheat
22292,20529,19502,23377,preheat
22291,20523,19504,23371,preheat
22296,20523,19499,23375,preheat
22293,20530,19484,23371,preheat
22295,20526,19469,23367,preheat
22297,20529,19460,23371,preheat
22302,20526,19455,23370,preheat
22301,20529,19450,23368,preheat
22295,20520,19423,23367,preheat
22288,20516,19414,23366,preheat
22280,20508,19398,23359,preheat
22271,20493,19386,23351,preheat
22259,20485,19384,23351,preheat
22249,20477,19383,23338,preheat
22245,20462,19380,23335,preheat
22232,20451,19358,23328,preheat
22226,20445,19349,23323,preheat
22218,20430,19325,23312,preheat
22218,20422,19307,23311,preheat
22212,20422,19295,23307,preheat
22206,20420,19288,23296,preheat
22205,20426,19280,23300,preheat
22210,20431,19278,23296,preheat
22222,20433,19288,23300,preheat
22233,20442,19302,23305,preheat
22243,20461,19323,23309,preheat
22250,20473,19331,23314,preheat
22262,20489,19333,23322,preheat
22266,20514,19339,23338,preheat
22280,20530,19371,23341,preheat
22294,20547,19424,23353,preheat
22306,20563,19478,23369,preheat
22319,20580,19512,23377,preheat
22337,20586,19520,23382,preheat
22345,20600,19531,23391,preheat
22353,20613,19542,23396,preheat
22379,20624,19556,23402,preheat
22391,20638,19556,23411,preheat
22401,20652,19581,23420,preheat
22410,20668,19611,23424,preheat
22417,20684,19632,23435,preheat
22428,20709,19657,23443,preheat
22434,20723,19691,23450,preheat
22449,20742,19729,23464,preheat
22453,20751,19755,23470,preheat
22466,20759,19776,23475,preheat
22466,20762,19792,23476,preheat
22476,20773,19792,23477,preheat
22487,20773,19780,23483,preheat
22491,20776,19775,23480,preheat
22490,20783,19783,23487,preheat
22494,20776,19788,23484,preheat
22496,20769,19772,23477,preheat
22488,20761,19750,23484,preheat
22481,20750,19734,23476,preheat
22472,20733,19722,23466,preheat
22461,20714,19694,23464,preheat
22446,20702,19679,23450,preheat
22438,20685,19673,23437,preheat
22418,20677,19644,23435,preheat
22407,20659,19629,23423,preheat
22403,20646,19606,23415,preheat
22396,20633,19590,23410,preheat
22389,20623,19563,23400,preheat
22375,20605,19534,23393,preheat
22359,20596,19514,23383,preheat
22353,20586,19503,23385,preheat
22349,20586,19500,23376,preheat
22350,20585,19488,23374,preheat
22353,20577,19481,23368,preheat
22353,20573,19470,23362,preheat
22339,20571,19464,23361,preheat
22328,20565,19455,23360,preheat
22321,20560,19448,23360,preheat
22317,20552,19448,23358,preheat
22307,20546,19448,23353,preheat
22294,20541,19446,23348,preheat
22288,20537,19455,23344,preheat
22279,20525,19456,23342,preheat
22267,20517,19463,23333,preheat
22267,20510,19454,23328,preheat
22270,20507,19441,23326,preheat
22273,20508,19433,23324,preheat
22284,20518,19431,23328,preheat
22287,20527,19435,23326,preheat
22300,20537,19452,23333,preheat
22299,20540,19463,23342,preheat
22313,20546,19477,23346,preheat
22320,20552,19488,23355,preheat
22323,20561,19491,23355,preheat
22327,20562,19486,23360,preheat
22339,20571,19470,23361,preheat
22343,20577,19470,23363,preheat
22350,20579,19479,23370,preheat
22352,20578,19502,23374,preheat
22359,20582,19528,23375,preheat
22355,20573,19539,23370,preheat
22357,20573,19540,23372,preheat
22345,20565,19544,23368,preheat
22346,20560,19558,23364,preheat
22332,20555,19561,23361,preheat
22329,20546,19548,23360,preheat
22322,20536,19529,23353,preheat
22310,20532,19519,23351,preheat
22302,20520,19513,23338,preheat
22292,20513,19500,23341,preheat
22288,20512,19472,23333,preheat
22281,20508,19455,23331,preheat
22273,20501,19440,23323,preheat
22269,20500,19447,23316,preheat
22273,20503,19452,23319,preheat
22276,20506,19474,23320,preheat
22282,20515,19484,23317,preheat
22289,20517,19488,23321,preheat
22304,20529,19495,23326,preheat
22312,20541,19511,23335,preheat
22322,20557,19536,23337,preheat
22333,20572,19565,23343,preheat
22360,20589,19577,23357,preheat
22367,20606,19584,23364,preheat
22368,20617,19607,23372,preheat
22387,20627,19621,23373,preheat
22396,20644,19616,23384,preheat
22413,20662,19624,23393,preheat
22422,20685,19630,23399,preheat
22442,20702,19645,23408,preheat
22467,20719,19667,23418,preheat
22478,20738,19692,23434,preheat
22485,20744,19706,23437,preheat
22488,20754,19720,23441,preheat
22498,20758,19730,23451,preheat
22491,20759,19730,23452,preheat
22490,20753,19724,23453,preheat
22487,20748,19703,23449,preheat
22484,20746,19690,23436,preheat
22477,20735,19690,23440,preheat
22475,20734,19688,23430,preheat
22478,20733,19690,23433,preheat
22480,20736,19696,23433,preheat
22482,20748,19695,23433,preheat
22491,20752,19706,23440,preheat
22491,20761,19726,23449,preheat
22498,20765,19736,23448,preheat
22503,20772,19737,23452,preheat
22510,20775,19731,23460,preheat
22506,20766,19730,23458,preheat
22505,20768,19710,23457,preheat
22504,20763,19678,23458,preheat
22499,20753,19658,23450,preheat
22494,20749,19649,23451,preheat
22491,20743,19653,23444,preheat
22489,20738,19668,23444,preheat
22487,20736,19676,23440,preheat
22481,20742,19678,23434,preheat
22479,20737,19671,23435,preheat
22475,20736,19658,23438,preheat
22471,20739,19653,23437,preheat
22473,20739,19652,23433,preheat
22484,20749,19661,23441,preheat
22492,20747,19664,23439,preheat
22496,20753,19678,23441,preheat
22500,20758,19705,23447,preheat
22507,20762,19709,23448,preheat
22514,20769,19711,23450,preheat
22522,20767,19707,23458,preheat
22523,20771,19722,23453,preheat
22525,20771,19729,23458,preheat
22522,20769,19736,23453,preheat
22525,20767,19745,23458,preheat
22524,20766,19756,23457,preheat
22516,20767,19744,23456,preheat
22516,20764,19755,23454,preheat
22509,20756,19769,23458,preheat
22499,20751,19785,23448,preheat
22499,20742,19784,23447,preheat
22488,20736,19774,23440,preheat
22485,20724,19783,23437,preheat
22480,20720,19776,23431,preheat
22471,20715,19772,23423,preheat
22468,20711,19757,23426,preheat
22459,20712,19755,23421,preheat
22463,20708,19754,23418,preheat
22459,20706,19754,23416,preheat
22463,20711,19760,23416,preheat
22464,20715,19760,23418,preheat
22466,20722,19759,23418,preheat
22479,20727,19783,23421,preheat
22484,20731,19790,23424,preheat
22496,20738,19795,23422,preheat
22500,20737,19786,23425,preheat
22499,20731,19762,23425,preheat
22493,20726,19748,23423,preheat
22478,20717,19724,23420,preheat
22468,20707,19694,23415,preheat
22459,20697,19664,23409,preheat
22454,20691,19642,23408,preheat
22447,20679,19634,23394,preheat
22441,20674,19629,23394,preheat
22438,20667,19640,23388,preheat
22425,20659,19648,23380,preheat
22428,20653,19639,23380,preheat
22422,20651,19621,23378,preheat
22412,20647,19618,23375,preheat
22418,20643,19604,23378,preheat
22409,20644,19584,23373,preheat
22409,20645,19598,23372,preheat
22418,20647,19613,23372,preheat
22426,20653,19620,23380,preheat
22431,20650,19619,23377,preheat
22441,20653,19624,23384,preheat
22435,20657,19613,23380,preheat
22440,20651,19610,23384,preheat
22436,20655,19589,23384,preheat
22435,20647,19575,23386,preheat
22432,20639,19559,23384,preheat
22433,20629,19565,23379,preheat
22433,20625,19561,23377,preheat
22419,20621,19568,23373,preheat
22415,20619,19582,23372,preheat
22414,20626,19588,23366,preheat
22427,20630,19577,23370,preheat
22428,20632,19569,23371,preheat
22433,20632,19572,23375,preheat
22426,20633,19565,23377,preheat
22419,20642,19555,23375,preheat
22419,20640,19566,23378,preheat
22424,20647,19579,23381,preheat
22432,20652,19593,23386,preheat
22443,20651,19606,23382,preheat
22451,20655,19620,23384,preheat
22455,20665,19633,23386,preheat
22461,20668,19651,23387,preheat
22467,20681,19657,23394,preheat
22465,20691,19664,23393,preheat
22479,20701,19679,23403,preheat
22494,20715,19703,23404,preheat
22508,20734,19731,23416,preheat
22515,20752,19738,23415,preheat
22519,20769,19736,23434,preheat
22536,20787,19743,23443,preheat
22553,20808,19754,23453,preheat
22568,20811,19772,23458,preheat
22569,20824,19789,23465,preheat
22577,20826,19804,23471,preheat
22575,20828,19796,23466,preheat
22579,20822,19779,23468,preheat
22582,20822,19760,23473,preheat
22582,20813,19767,23467,preheat
22568,20805,19782,23466,preheat
22558,20795,19772,23457,preheat
22551,20784,19755,23452,preheat
22549,20779,19738,23449,preheat
22540,20771,19716,23440,preheat
22534,20767,19688,23438,preheat
22526,20764,19687,23434,preheat
22524,20760,19686,23435,preheat
22529,20759,19691,23431,preheat
22529,20755,19690,23433,preheat
22529,20756,19685,23431,preheat
22527,20753,19685,23435,preheat
22524,20757,19702,23433,preheat
22523,20752,19727,23430,preheat
22534,20749,19739,23437,preheat
22528,20746,19746,23433,preheat
22528,20741,19737,23435,preheat
22518,20734,19725,23426,preheat
22518,20723,19711,23422,preheat
22511,20716,19694,23421,preheat
22508,20708,19689,23411,preheat
22487,20702,19676,23406,preheat
22487,20691,19645,23405,preheat
22478,20682,19634,23402,preheat
22479,20683,19614,23400,preheat
22472,20677,19616,23392,preheat
22466,20676,19610,23388,preheat
22456,20668,19606,23386,preheat
22455,20663,19603,23389,preheat
22449,20653,19598,23384,preheat
22435,20645,19600,23380,preheat
22435,20638,19597,23377,preheat
22424,20634,19595,23373,preheat
22418,20625,19605,23369,preheat
22415,20626,19600,23372,preheat
22415,20617,19594,23367,preheat
22412,20623,19576,23372,preheat
22412,20616,19566,23360,preheat
22409,20614,19568,23368,preheat
22420,20619,19585,23365,preheat
22424,20614,19588,23364,preheat
22434,20614,19590,23361,preheat
22438,20614,19594,23364,preheat
22443,20614,19583,23360,preheat
22445,20621,19581,23365,preheat
22447,20628,19588,23372,preheat
22451,20636,19609,23371,preheat
22460,20648,19612,23378,preheat
22471,20667,19636,23376,preheat
22481,20689,19672,23391,preheat
22492,20709,19719,23400,preheat
22513,20730,19756,23415,preheat
22529,20752,19784,23420,preheat
22545,20761,19805,23431,preheat
22551,20771,19811,23445,preheat
22554,20768,19815,23449,preheat
22556,20767,19809,23452,preheat
22558,20761,19804,23452,preheat
22551,20752,19789,23448,preheat
22545,20742,19770,23441,preheat
22537,20723,19743,23434,preheat
22532,20705,19708,23425,preheat
22521,20694,19684,23414,preheat
22507,20676,19650,23403,preheat
22489,20660,19629,23390,preheat
22471,20643,19609,23382,preheat
22464,20625,19577,23375,preheat
22449,20608,19541,23362,preheat
22427,20590,19509,23347,preheat
22407,20567,19469,23339,preheat
22382,20550,19453,23330,preheat
22356,20529,19440,23318,preheat
22336,20510,19407,23312,preheat
22322,20497,19387,23296,preheat
22313,20474,19380,23286,preheat
22297,20454,19357,23279,preheat
22279,20435,19349,23263,preheat
22274,20419,19333,23262,preheat
22258,20397,19308,23238,preheat
22242,20375,19281,23232,preheat
22231,20359,19255,23224,preheat
22218,20346,19225,23211,preheat
22211,20336,19195,23208,preheat
22206,20326,19173,23199,preheat
22201,20319,19166,23193,preheat
22193,20305,19162,23189,preheat
22184,20297,19148,23187,preheat
22177,20284,19131,23177,preheat
22170,20274,19110,23176,preheat
22157,20263,19098,23164,preheat
22143,20249,19099,23160,preheat
22136,20243,19096,23154,preheat
22133,20239,19095,23151,preheat
22130,20237,19079,23143,preheat
22125,20238,19068,23142,preheat
22137,20240,19069,23142,preheat
22140,20246,19081,23147,preheat
22158,20256,19095,23151,preheat
22173,20273,19123,23163,preheat
22191,20289,19145,23170,preheat
22208,20304,19155,23184,preheat
22227,20328,19172,23194,preheat
22238,20341,19184,23203,preheat
22264,20360,19204,23217,preheat
22284,20385,19230,23231,preheat
22302,20400,19258,23241,preheat
22310,20418,19255,23256,preheat
22322,20432,19275,23269,preheat
22327,20443,19295,23275,preheat
22334,20451,19319,23283,preheat
22344,20461,19351,23291,preheat
22352,20476,19379,23298,preheat
22360,20482,19409,23304,preheat
22362,20491,19409,23309,preheat
22372,20497,19390,23315,preheat
22382,20496,19384,23316,preheat
22387,20495,19398,23317,preheat
22383,20491,19412,23314,preheat
22383,20486,19406,23315,preheat
22383,20483,19381,23312,preheat
22379,20476,19364,23307,preheat
22375,20480,19353,23307,preheat
22378,20482,19345,23305,preheat
22383,20486,19355,23305,preheat
22383,20490,19372,23307,preheat
22380,20493,19385,23314,preheat
22380,20490,19407,23316,preheat
22378,20491,19417,23308,preheat
22368,20491,19423,23309,preheat
22364,20490,19396,23303,preheat
22355,20482,19385,23306,preheat
22353,20475,19372,23303,preheat
22347,20475,19354,23296,preheat
22345,20466,19361,23291,preheat
22340,20468,19377,23290,preheat
22331,20464,19400,23287,preheat
22330,20464,19391,23280,preheat
22322,20469,19389,23281,preheat
22320,20470,19399,23278,preheat
22317,20472,19404,23282,preheat
22326,20478,19395,23278,preheat
22332,20476,19398,23278,preheat
22333,20484,19414,23282,preheat
22341,20484,19424,23277,preheat
22346,20495,19426,23284,preheat
22352,20501,19425,23284,preheat
22359,20509,19418,23292,preheat
22352,20521,19425,23296,preheat
22359,20529,19462,23298,preheat
22369,20541,19486,23307,preheat
22378,20555,19511,23310,preheat
22395,20561,19526,23314,preheat
22403,20571,19540,23316,preheat
22407,20573,19560,23326,preheat
22408,20583,19572,23331,preheat
22418,20587,19574,23331,preheat
22421,20582,19584,23337,preheat
22423,20586,19575,23338,preheat
22425,20587,19571,23334,preheat
22426,20589,19578,23338,preheat
22433,20585,19573,23338,preheat
22427,20587,19567,23338,preheat
22433,20587,19557,23339,preheat
22443,20588,19552,23341,preheat
22446,20591,19556,23336,preheat
22444,20591,19550,23340,preheat
22439,20600,19554,23342,preheat
22445,20607,19553,23349,preheat
22445,20612,19557,23348,preheat
22446,20625,19560,23353,preheat
22460,20646,19592,23362,preheat
22478,20659,19612,23365,preheat
22475,20672,19628,23375,preheat
22488,20682,19650,23382,preheat
22503,20691,19671,23386,preheat
22504,20694,19681,23394,preheat
22507,20692,19693,23389,preheat
22513,20695,19688,23393,preheat
22511,20693,19681,23391,preheat
22518,20688,19670,23391,preheat
22506,20684,19681,23382,preheat
22493,20677,19701,23384,preheat
22485,20675,19727,23379,preheat
22472,20669,19730,23382,preheat
22462,20665,19733,23374,preheat
22463,20663,19731,23370,preheat
22468,20653,19724,23372,preheat
22461,20644,19705,23367,preheat
22453,20642,19696,23362,preheat
22454,20638,19681,23359,preheat
22454,20635,19669,23355,preheat
22459,20626,19650,23353,preheat
22458,20629,19649,23358,preheat
22451,20623,19646,23351,preheat
22460,20624,19651,23347,preheat
22457,20623,19656,23353,preheat
22458,20630,19664,23352,preheat
22464,20628,19661,23353,preheat
22461,20630,19650,23356,preheat
22465,20630,19648,23352,preheat
22469,20629,19643,23353,preheat
22467,20631,19645,23355,preheat
22464,20627,19644,23351,preheat
22460,20621,19627,23355,preheat
22455,20615,19628,23346,preheat
22452,20610,19630,23351,preheat
22427,20604,19634,23346,preheat
22418,20593,19632,23341,preheat
22416,20580,19610,23340,preheat
22407,20567,19581,23329,preheat
22408,20546,19553,23323,preheat
22395,20532,19514,23316,preheat
22382,20513,19478,23302,preheat
22371,20492,19438,23296,preheat
22347,20477,19400,23279,preheat
22332,20453,19373,23266,preheat
22316,20435,19336,23257,preheat
22302,20415,19322,23245,preheat
22297,20401,19308,23238,preheat
22280,20396,19286,23228,preheat
22270,20390,19275,23213,preheat
22270,20382,19272,23219,preheat
22263,20384,19282,23209,preheat
22263,20381,19285,23206,preheat
22260,20386,19272,23211,preheat
22264,20381,19270,23204,preheat
22258,20384,19259,23210,preheat
22262,20388,19252,23209,preheat
22264,20392,19246,23208,preheat
22275,20405,19233,23215,preheat
22288,20415,19251,23220,preheat
22289,20424,19270,23224,preheat
22297,20431,19276,23234,preheat
22307,20446,19311,23242,preheat
22307,20443,19344,23244,preheat
22304,20437,19369,23251,preheat
22300,20428,19380,23243,preheat
22295,20414,19373,23242,preheat
22286,20408,19351,23236,preheat
22279,20391,19343,23233,preheat
22265,20386,19324,23229,preheat
22262,20372,19308,23219,preheat
22254,20369,19291,23215,preheat
22252,20357,19279,23209,preheat
22255,20358,19258,23204,preheat
22247,20349,19243,23198,preheat
22233,20350,19229,23199,preheat
22219,20346,19213,23187,preheat
22222,20336,19190,23182,preheat
22214,20333,19174,23178,preheat
22215,20327,19151,23170,preheat
22204,20322,19138,23153,preheat
22190,20312,19113,23146,preheat
22166,20307,19089,23137,preheat
22144,20303,19062,23120,preheat
22130,20290,19036,23108,preheat
22117,20286,19001,23091,preheat
22108,20275,18972,23083,preheat
22082,20271,18934,23065,preheat
22064,20261,18912,23049,preheat
22044,20256,18881,23037,preheat
22032,20247,18855,23025,preheat
22012,20246,18833,23014,preheat
21993,20242,18825,22998,preheat
21977,20234,18805,22983,preheat
21955,20230,18789,22968,preheat
21939,20230,18775,22956,preheat
21924,20222,18761,22947,preheat
21918,20220,18751,22936,preheat
21904,20218,18742,22924,preheat
21897,20211,18727,22912,preheat
21878,20215,18718,22902,preheat
21864,20213,18715,22893,preheat
21857,20214,18713,22888,preheat
21844,20211,18705,22878,preheat
21840,20209,18701,22870,preheat
21821,20207,18705,22865,preheat
21811,20205,18705,22860,preheat
21799,20200,18692,22847,preheat
21795,20202,18681,22850,preheat
21791,20194,18664,22840,preheat
21778,20196,18646,22840,preheat
21770,20191,18629,22835,preheat
21756,20188,18607,22828,preheat
21745,20181,18604,22824,preheat
21729,20181,18593,22819,preheat
21717,20174,18572,22820,preheat
21707,20169,18559,22810,preheat
21699,20171,18543,22811,preheat
21697,20166,18536,22811,preheat
21688,20165,18534,22801,preheat
21678,20158,18547,22799,preheat
21675,20154,18556,22799,preheat
21669,20148,18551,22791,preheat
21671,20146,18554,22787,preheat
21671,20136,18547,22781,preheat
21667,20130,18549,22780,preheat
21661,20122,18547,22780,preheat
21655,20119,18550,22776,preheat
21646,20113,18535,22775,preheat
21640,20102,18527,22767,preheat
21632,20096,18513,22767,preheat
21633,20086,18501,22760,preheat
21626,20081,18486,22762,preheat
21620,20070,18474,22756,preheat
21602,20066,18459,22750,preheat
21595,20059,18443,22749,preheat
21592,20051,18435,22745,preheat
21582,20053,18421,22744,preheat
21576,20047,18406,22743,preheat
21581,20039,18397,22736,preheat
21575,20036,18390,22732,preheat
21576,20026,18398,22733,preheat
21569,20029,18394,22730,preheat
21560,20019,18392,22728,preheat
21558,20016,18394,22723,preheat
21557,20012,18387,22726,preheat
21557,20002,18378,22715,preheat
21552,20000,18355,22723,preheat
21557,19988,18328,22713,preheat
21552,19986,18306,22712,preheat
21544,19972,18292,22706,preheat
21532,19968,18275,22704,preheat
21522,19955,18250,22701,preheat
21508,19947,18231,22696,preheat
21494,19940,18220,22698,preheat
21487,19923,18215,22692,preheat
21477,19916,18214,22691,preheat
21473,19902,18212,22685,preheat
21464,19886,18206,22678,preheat
21456,19873,18192,22676,preheat
21451,19858,18169,22672,preheat
21445,19845,18148,22665,preheat
21439,19831,18117,22661,preheat
21431,19816,18085,22658,preheat
21424,19802,18055,22653,preheat
21409,19787,18034,22647,preheat
21391,19773,18019,22633,preheat
21376,19758,18014,22633,preheat
21369,19740,18020,22626,preheat
21362,19728,18024,22621,preheat
21344,19712,18023,22615,preheat
21337,19696,18006,22614,preheat
21320,19684,17996,22606,preheat
21308,19674,17978,22603,preheat
21297,19658,17965,22598,preheat
21287,19649,17958,22593,preheat
21272,19636,17945,22591,preheat
21272,19628,17933,22586,preheat
21268,19615,17927,22581,preheat
21271,19604,17918,22578,preheat
21260,19589,17916,22568,preheat
21250,19581,17914,22566,preheat
21242,19568,17905,22560,preheat
21238,19561,17889,22554,preheat
21229,19549,17877,22554,preheat
21230,19544,17865,22545,preheat
21227,19539,17864,22549,preheat
21220,19535,17855,22542,preheat
21226,19527,17844,22540,preheat
21230,19524,17827,22535,preheat
21228,19504,17811,22530,preheat
21228,19499,17792,22528,preheat
21206,19474,17773,22517,preheat
21194,19458,17733,22512,preheat
21173,19426,17694,22500,preheat
21160,19399,17655,22489,preheat
21134,19361,17616,22475,preheat
21115,19326,17569,22459,preheat
21086,19283,17525,22442,preheat
21058,19240,17476,22427,preheat
21022,19196,17416,22409,preheat
20995,19148,17364,22392,preheat
20960,19102,17314,22373,preheat
20937,19053,17256,22354,preheat
20899,19012,17190,22341,preheat
20870,18960,17128,22322,preheat
20835,18916,17059,22306,preheat
20802,18871,16999,22290,preheat
20769,18824,16950,22273,preheat
20737,18782,16899,22257,preheat
20708,18746,16846,22235,preheat
20680,18710,16811,22227,preheat
20654,18682,16785,22208,preheat
20642,18653,16758,22198,preheat
20628,18638,16726,22198,preheat
20620,18613,16700,22185,preheat
20619,18599,16660,22184,preheat
20616,18588,16637,22183,preheat
20616,18573,16616,22182,preheat
20615,18561,16612,22178,preheat
20618,18551,16612,22179,preheat
20625,18546,16615,22179,preheat
20627,18538,16622,22175,preheat
20627,18538,16620,22176,preheat
20636,18535,16638,22177,preheat
20644,18542,16659,22187,preheat
20652,18547,16680,22188,preheat
20674,18565,16701,22193,preheat
20696,18580,16719,22203,preheat
20721,18614,16745,22216,preheat
20742,18642,16795,22235,preheat
20765,18675,16848,22251,preheat
20805,18711,16922,22280,preheat
20850,18750,16969,22304,preheat
20897,18784,17020,22322,preheat
20940,18821,17068,22351,preheat
20973,18852,17120,22383,preheat
21024,18903,17160,22409,preheat
21070,18946,17225,22438,preheat
21126,19008,17309,22474,preheat
21185,19063,17401,22507,preheat
21242,19138,17505,22551,preheat
21295,19204,17605,22587,preheat
21347,19275,17719,22625,preheat
21404,19350,17841,22657,preheat
21464,19427,17958,22692,preheat
21521,19508,18058,22723,preheat
21588,19597,18146,22747,preheat
21635,19691,18232,22770,preheat
21685,19788,18319,22787,preheat
21737,19883,18405,22800,preheat
21790,19983,18502,22814,preheat
21836,20076,18604,22823,preheat
21886,20176,18698,22845,preheat
21921,20256,18804,22857,preheat
21950,20344,18887,22870,preheat
21962,20421,18948,22881,preheat
21968,20494,18993,22893,preheat
21992,20554,19045,22899,preheat
22007,20612,19112,22909,preheat
22023,20657,19163,22917,preheat
22023,20702,19214,22923,preheat
22028,20738,19263,22931,preheat
22025,20775,19298,22932,preheat
22031,20804,19319,22938,preheat
22030,20832,19336,22946,preheat
22044,20858,19382,22956,preheat
22045,20879,19422,22952,preheat
22040,20894,19444,22965,preheat
22035,20901,19456,22964,preheat
22038,20913,19474,22970,preheat
22039,20923,19504,22971,preheat
22026,20929,19526,22974,preheat
22026,20930,19528,22978,preheat
22026,20935,19517,22974,preheat
22027,20936,19500,22976,preheat
22023,20936,19488,22974,preheat
22017,20934,19465,22973,preheat
22014,20928,19450,22970,preheat
22007,20923,19441,22974,preheat
22003,20916,19416,22968,preheat
21993,20918,19402,22970,preheat
21981,20911,19398,22965,preheat
21965,20903,19397,22970,preheat
21964,20892,19399,22965,preheat
21957,20890,19399,22962,preheat
21953,20879,19393,22961,preheat
21945,20878,19381,22962,preheat
21942,20863,19371,22958,preheat
21934,20863,19363,22959,preheat
21930,20850,19356,22960,preheat
21920,20851,19340,22958,preheat
21918,20841,19323,22955,preheat
21914,20836,19308,22955,preheat
21918,20826,19291,22959,preheat
21909,20818,19279,22951,preheat
21907,20809,19242,22950,preheat
21896,20797,19222,22952,preheat
21884,20794,19206,22944,preheat
21879,20777,19200,22945,preheat
21866,20775,19200,22943,preheat
21853,20759,19196,22936,preheat
21835,20755,19199,22944,preheat
21828,20740,19209,22931,preheat
21824,20737,19218,22934,charge
21825,20727,19210,22926,charge
21815,20721,19196,22929,charge
21808,20715,19188,22921,charge
21800,20707,19188,22923,charge
21800,20697,19192,22920,charge
21803,20698,19185,22916,charge
21808,20683,19164,22916,charge
21807,20674,19133,22910,charge
21800,20657,19113,22905,charge
21795,20645,19083,22899,charge
21788,20622,19057,22892,charge
21774,20601,19024,22883,charge
21756,20573,18993,22876,charge
21719,20545,18950,22857,charge
21680,20510,18909,22850,charge
21651,20473,18864,22834,charge
21633,20439,18812,22821,charge
21618,20401,18762,22812,charge
21589,20362,18706,22791,charge
21570,20322,18652,22776,charge
21546,20278,18610,22756,charge
21525,20247,18557,22743,charge
21500,20203,18513,22720,charge
21473,20181,18473,22709,charge
21454,20149,18463,22691,charge
21429,20128,18463,22679,charge
21419,20109,18453,22669,charge
21400,20096,18424,22664,charge
21399,20093,18402,22657,charge
21396,20093,18389,22648,charge
21402,20098,18401,22638,charge
21406,20109,18403,22643,charge
21415,20121,18410,22641,charge
21427,20140,18419,22638,charge
21438,20152,18442,22631,charge
21453,20171,18463,22635,charge
21464,20181,18495,22636,charge
21474,20204,18499,22637,charge
21490,20214,18509,22637,charge
21502,20233,18510,22641,charge
21520,20242,18526,22642,charge
21510,20263,18536,22649,charge
21511,20274,18549,22644,charge
21520,20284,18552,22652,charge
21515,20291,18552,22651,charge
21526,20298,18533,22651,charge
21536,20301,18538,22655,charge
21540,20315,18537,22658,charge
21550,20312,18549,22661,charge
21548,20327,18548,22659,charge
21552,20326,18568,22655,charge
21558,20330,18590,22660,charge
21557,20336,18613,22658,charge
21562,20342,18615,22664,charge
21565,20334,18634,22659,charge
21555,20342,18644,22663,charge
21551,20342,18652,22663,charge
21550,20341,18654,22663,charge
21546,20340,18642,22658,charge
21547,20343,18629,22667,charge
21546,20343,18631,22661,charge
21554,20349,18627,22665,charge
21555,20339,18642,22661,charge
21545,20345,18651,22661,charge
21548,20344,18670,22663,charge
21544,20344,18682,22660,charge
21549,20353,18687,22664,charge
21554,20345,18688,22660,charge
21550,20351,18684,22663,charge
21552,20348,18682,22662,charge
21552,20350,18676,22663,charge
21547,20340,18664,22661,charge
21546,20346,18648,22660,charge
21537,20339,18639,22661,charge
21534,20340,18630,22659,charge
21535,20328,18627,22654,charge
21530,20325,18622,22654,charge
21529,20313,18607,22645,charge
21516,20303,18595,22639,charge
21510,20287,18593,22634,charge
21502,20271,18590,22629,charge
21490,20245,18574,22616,charge
21483,20227,18542,22607,charge
21463,20202,18520,22601,charge
21451,20171,18482,22591,charge
21433,20138,18452,22576,charge
21415,20114,18414,22568,charge
21396,20078,18388,22560,charge
21370,20045,18360,22545,charge
21345,20015,18324,22540,charge
21319,19984,18296,22523,charge
21299,19953,18262,22522,charge
21279,19921,18213,22512,charge
21265,19891,18155,22504,charge
21246,19857,18103,22489,charge
21238,19829,18058,22485,charge
21223,19806,18025,22472,charge
21209,19776,18000,22475,charge
21188,19751,17980,22463,charge
21174,19729,17961,22454,charge
21164,19708,17939,22448,charge
21154,19689,17905,22441,charge
21153,19669,17885,22446,charge
21144,19652,17865,22439,charge
21131,19637,17846,22431,charge
21129,19628,17830,22425,charge
21123,19616,17807,22422,charge
21125,19602,17787,22423,charge
21119,19590,17779,22419,charge
21115,19587,17771,22419,charge
21119,19575,17767,22416,charge
21108,19573,17765,22413,charge
21112,19563,17752,22416,charge
21107,19561,17740,22415,charge
21114,19558,17720,22417,charge
21116,19551,17717,22415,charge
21110,19550,17709,22414,charge
21115,19546,17709,22421,charge
21104,19541,17717,22420,charge
21111,19538,17714,22425,charge
21105,19538,17717,22423,charge
21111,19539,17726,22425,charge
21116,19540,17748,22427,charge
21124,19544,17761,22433,charge
21123,19548,17762,22435,charge
21128,19549,17766,22440,charge
21127,19561,17767,22439,charge
21134,19565,17770,22448,charge
21141,19576,17782,22450,charge
21144,19584,17782,22463,charge
21147,19593,17797,22460,charge
21150,19597,17802,22463,charge
21157,19603,17808,22469,charge
21163,19612,17802,22471,charge
21175,19613,17799,22485,charge
21183,19614,17810,22481,charge
21185,19626,17815,22485,charge
21191,19626,17825,22487,charge
21186,19631,17833,22491,charge
21187,19632,17844,22501,charge
21182,19636,17856,22497,charge
21186,19641,17864,22506,charge
21185,19645,17883,22504,charge
21183,19653,17900,22511,charge
21195,19655,17914,22516,charge
21190,19662,17921,22511,charge
21191,19669,17910,22522,charge
21189,19679,17923,22520,charge
21197,19683,17942,22526,charge
21199,19683,17949,22527,charge
21203,19692,17941,22538,charge
21209,19690,17934,22537,charge
21214,19700,17928,22541,charge
21224,19698,17921,22544,charge
21219,19708,17907,22545,charge
21228,19714,17892,22553,charge
21231,19723,17885,22548,charge
21239,19730,17894,22560,charge
21237,19736,17920,22561,charge
21242,19750,17941,22567,charge
21256,19760,17953,22572,charge
21270,19774,17979,22571,charge
21286,19788,17995,22580,charge
21304,19801,18024,22584,charge
21311,19817,18048,22591,charge
21325,19831,18080,22596,charge
21325,19852,18104,22600,charge
21335,19865,18135,22606,charge
21345,19883,18155,22610,charge
21350,19901,18154,22622,charge
21355,19917,18144,22627,charge
21364,19935,18154,22635,charge
21372,19947,18173,22638,charge
21376,19960,18191,22642,charge
21391,19978,18214,22654,charge
21400,19993,18247,22662,charge
21406,20006,18263,22664,charge
21415,20017,18284,22672,charge
21424,20033,18301,22672,charge
21442,20047,18319,22685,charge
21445,20062,18328,22689,charge
21457,20070,18333,22697,charge
21462,20080,18337,22692,charge
21468,20082,18346,22704,charge
21462,20094,18351,22705,charge
21465,20102,18360,22713,charge
21462,20108,18365,22717,charge
21472,20107,18371,22721,charge
21474,20115,18368,22727,charge
21478,20109,18363,22727,charge
21479,20115,18362,22730,charge
21482,20109,18357,22736,charge
21474,20108,18345,22734,charge
21467,20108,18349,22744,charge
21461,20105,18371,22738,charge
21459,20101,18389,22745,charge
21453,20104,18402,22743,charge
21452,20102,18406,22746,charge
21458,20102,18420,22750,charge
21463,20106,18414,22753,charge
21460,20108,18415,22753,charge
21459,20109,18411,22756,charge
21465,20111,18422,22760,charge
21465,20117,18416,22764,charge
21479,20123,18404,22761,charge
21478,20134,18386,22766,charge
21490,20139,18392,22770,charge
21488,20150,18399,22766,charge
21498,20158,18391,22777,charge
21497,20162,18397,22771,charge
21505,20176,18397,22782,charge
21511,20179,18411,22782,charge
21513,20189,18421,22787,charge
21521,20196,18441,22791,charge
21524,20205,18454,22797,charge
21525,20210,18460,22796,charge
21525,20219,18458,22801,charge
21524,20224,18471,22800,charge
21532,20240,18483,22808,charge
21542,20246,18508,22808,charge
21550,20257,18532,22814,charge
21550,20263,18547,22815,charge
21558,20275,18544,22818,charge
21571,20284,18558,22818,charge
21579,20288,18565,22824,charge
21585,20289,18576,22824,charge
21586,20297,18583,22831,charge
21578,20298,18603,22828,charge
21584,20303,18619,22834,charge
21588,20301,18626,22833,charge
21584,20311,18624,22834,charge
21593,20309,18626,22839,charge
21592,20318,18630,22838,charge
21592,20321,18624,22845,charge
21584,20319,18618,22840,charge
21584,20323,18613,22843,charge
21591,20328,18611,22844,charge
21593,20325,18614,22849,charge
21593,20322,18604,22845,charge
21593,20333,18585,22852,charge
21590,20330,18584,22858,charge
21584,20334,18578,22848,charge
21584,20329,18594,22854,charge
21582,20331,18615,22854,charge
21587,20332,18627,22858,charge
21590,20336,18636,22861,charge
21595,20340,18635,22866,charge
21596,20339,18645,22859,charge
21607,20339,18642,22868,charge
21612,20345,18644,22868,charge
21611,20351,18641,22863,charge
21608,20353,18650,22865,charge
21607,20356,18675,22875,charge
21607,20357,18697,22867,charge
21610,20364,18714,22874,charge
21616,20364,18729,22877,charge
21623,20368,18725,22877,charge
21625,20364,18710,22879,charge
21633,20368,18689,22879,charge
21635,20364,18676,22883,charge
21641,20365,18678,22888,charge
21633,20362,18695,22879,charge
21632,20361,18705,22884,charge
21621,20355,18711,22887,charge
21615,20359,18714,22886,charge
21613,20354,18724,22887,charge
21608,20358,18722,22888,charge
21612,20356,18728,22880,charge
21611,20367,18713,22889,charge
21622,20366,18710,22890,charge
21626,20369,18698,22885,charge
21627,20376,18685,22889,charge
21635,20375,18673,22889,charge
21630,20379,18658,22884,charge
21638,20381,18661,22895,charge
21641,20389,18671,22888,charge
21650,20388,18679,22897,charge
21648,20387,18691,22894,charge
21646,20396,18718,22894,charge
21647,20401,18750,22892,charge
21644,20404,18763,22893,charge
21649,20409,18784,22895,charge
21649,20413,18796,22895,charge
21659,20417,18795,22899,charge
21659,20424,18772,22896,charge
21670,20421,18754,22901,charge
21672,20425,18739,22903,charge
21680,20422,18738,22906,charge
21677,20423,18734,22907,charge
21680,20421,18728,22910,charge
21669,20424,18718,22910,charge
21660,20415,18721,22908,charge
21660,20419,18726,22910,charge
21665,20413,18740,22906,charge
21662,20411,18739,22908,charge
21669,20409,18739,22912,charge
21671,20410,18733,22905,charge
21669,20415,18714,22910,charge
21657,20409,18688,22905,charge
21655,20416,18671,22908,charge
21666,20407,18658,22914,charge
21666,20413,18648,22907,charge
21672,20408,18649,22908,charge
21666,20406,18647,22908,charge
21672,20399,18655,22904,charge
21668,20398,18645,22903,charge
21668,20397,18635,22909,charge
21659,20397,18649,22904,charge
21659,20395,18652,22907,charge
21658,20392,18654,22903,charge
21661,20394,18652,22905,charge
21664,20386,18647,22900,charge
21656,20388,18641,22904,charge
21648,20384,18633,22907,charge
21645,20386,18636,22904,charge
21650,20380,18646,22905,charge
21647,20384,18639,22903,charge
21655,20377,18635,22904,charge
21662,20378,18638,22900,charge
21666,20380,18627,22901,charge
21661,20372,18629,22902,charge
21657,20372,18644,22906,charge
21661,20365,18663,22898,charge
21643,20370,18680,22900,charge
21648,20363,18687,22900,charge
21644,20363,18674,22897,charge
21650,20362,18660,22899,charge
21651,20362,18658,22896,charge
21654,20362,18656,22899,charge
21657,20363,18659,22895,charge
21658,20363,18648,22901,charge
21658,20358,18645,22894,charge
21658,20371,18648,22900,charge
21662,20365,18651,22906,charge
21662,20371,18664,22900,charge
21659,20370,18654,22904,charge
21641,20370,18643,22900,charge
21630,20380,18640,22909,charge
21634,20376,18649,22907,charge
21634,20381,18664,22909,charge
21646,20382,18675,22914,charge
21649,20388,18685,22909,charge
21655,20390,18684,22910,charge
21656,20387,18685,22916,charge
21648,20390,18680,22914,charge
21652,20390,18670,22916,charge
21656,20387,18655,22913,charge
21651,20388,18639,22914,charge
21654,20386,18642,22915,charge
21648,20383,18644,22913,charge
21654,20391,18637,22923,charge
21660,20385,18633,22918,charge
21663,20393,18628,22918,charge
21670,20392,18632,22923,charge
21671,20396,18644,22915,charge
21679,20406,18651,22921,charge
21691,20405,18664,22926,charge
21689,20411,18663,22923,charge
21693,20413,18662,22928,charge
21691,20419,18672,22928,charge
21693,20429,18689,22929,charge
21695,20434,18709,22931,charge
21689,20437,18713,22932,charge
21701,20441,18722,22937,charge
21706,20447,18718,22933,charge
21720,20451,18701,22942,charge
21729,20460,18696,22941,charge
21741,20464,18684,22950,charge
21746,20467,18688,22942,charge
21750,20469,18687,22947,charge
21744,20469,18687,22949,charge
21742,20474,18678,22953,charge
21745,20468,18689,22953,charge
21745,20473,18694,22953,charge
21750,20470,18712,22956,charge
21745,20470,18724,22953,charge
21747,20472,18727,22961,charge
21742,20473,18725,22958,charge
21746,20477,18732,22967,charge
21747,20487,18746,22957,charge
21751,20487,18740,22964,charge
21754,20494,18747,22967,charge
21762,20496,18763,22969,charge
21763,20508,18766,22971,charge
21773,20509,18780,22972,charge
21776,20519,18794,22977,charge
21778,20523,18805,22975,charge
21771,20530,18796,22978,charge
21779,20538,18798,22979,charge
21775,20547,18778,22983,charge
21776,20557,18763,22984,charge
21776,20564,18759,22983,charge
21784,20573,18759,22993,charge
21796,20579,18771,22994,charge
21801,20585,18783,22998,charge
21815,20591,18795,22998,charge
21822,20601,18801,22997,charge
21833,20601,18804,23002,charge
21827,20605,18825,23005,charge
21832,20608,18845,23007,charge
21830,20612,18851,23001,charge
21829,20614,18844,23012,charge
21824,20620,18842,23008,charge
21823,20621,18856,23015,charge
21813,20627,18880,23014,charge
21818,20630,18891,23017,charge
21827,20632,18910,23018,charge
21836,20634,18920,23018,charge
21837,20634,18931,23021,charge
21838,20633,18935,23025,charge
21838,20636,18945,23024,charge
21840,20634,18956,23030,charge
21847,20632,18964,23023,charge
21847,20642,18964,23031,charge
21853,20639,18966,23030,charge
21856,20648,18962,23035,charge
21857,20648,18974,23031,charge
21862,20651,18965,23041,charge
21865,20657,18964,23040,charge
21867,20668,18964,23044,charge
21867,20669,18959,23043,charge
21861,20681,18940,23044,charge
21865,20683,18938,23048,charge
21858,20685,18943,23044,charge
21866,20697,18946,23052,charge
21872,20699,18963,23050,charge
21872,20706,18978,23057,charge
21880,20699,19001,23053,charge
21879,20709,19031,23061,charge
21882,20700,19063,23061,charge
21883,20706,19076,23057,charge
21887,20703,19078,23067,charge
21883,20707,19072,23063,charge
21880,20698,19072,23065,charge
21877,20702,19066,23064,charge
21874,20701,19070,23061,charge
21869,20704,19067,23070,charge
21871,20698,19057,23069,charge
21863,20703,19051,23069,charge
21854,20701,19072,23070,charge
21860,20708,19078,23075,charge
21855,20706,19072,23075,charge
21864,20707,19057,23074,charge
21868,20706,19044,23074,charge
21865,20709,19038,23079,charge
21858,20709,19038,23073,charge
21872,20715,19047,23082,charge
21882,20725,19062,23087,charge
21890,20722,19092,23083,charge
21898,20727,19116,23088,charge
21902,20732,19124,23094,charge
21907,20737,19132,23093,charge
21917,20747,19128,23095,charge
21922,20750,19126,23098,charge
21928,20757,19114,23104,charge
21930,20766,19107,23107,charge
21930,20769,19108,23105,charge
21927,20773,19110,23117,charge
21922,20778,19112,23112,charge
21922,20783,19109,23113,charge
21931,20789,19119,23119,charge
21926,20789,19129,23116,charge
21934,20793,19146,23122,charge
21937,20800,19151,23122,charge
21948,20808,19150,23122,charge
21952,20808,19145,23122,charge
21964,20811,19148,23129,charge
21965,20819,19147,23128,charge
21977,20821,19154,23130,charge
21980,20832,19170,23133,charge
21978,20839,19202,23135,charge
21974,20843,19226,23143,charge
21968,20844,19241,23144,charge
21978,20853,19257,23144,charge
21974,20855,19254,23147,charge
21982,20860,19255,23150,charge
21985,20867,19261,23152,charge
21983,20873,19259,23154,charge
21987,20871,19244,23160,charge
21996,20875,19236,23160,charge
21995,20869,19228,23161,charge
21988,20875,19215,23165,charge
21988,20875,19216,23165,charge
21992,20875,19210,23173,charge
21992,20878,19206,23175,charge
21984,20875,19204,23171,charge
21990,20877,19207,23177,charge
21989,20865,19207,23171,charge
21985,20871,19198,23177,charge
21985,20864,19195,23178,charge
21987,20865,19184,23178,charge
21981,20863,19171,23182,charge
21981,20861,19156,23184,charge
21970,20860,19139,23181,charge
21967,20857,19127,23184,charge
21964,20861,19135,23183,charge
21967,20858,19136,23184,charge
21970,20864,19135,23187,charge
21973,20861,19142,23186,charge
21978,20864,19152,23191,charge
21979,20874,19161,23193,charge
21986,20877,19175,23196,charge
21985,20886,19170,23200,charge
21991,20894,19168,23203,charge
22000,20904,19172,23208,charge
22015,20912,19194,23209,charge
22028,20925,19221,23216,charge
22034,20934,19233,23216,charge
22043,20939,19242,23219,charge
22050,20953,19258,23220,charge
22063,20963,19266,23223,charge
22057,20971,19279,23228,charge
22057,20984,19273,23230,charge
22062,20992,19288,23237,charge
22067,21006,19313,23236,charge
22080,21006,19332,23243,charge
22075,21019,19356,23247,charge
22081,21020,19371,23246,charge
22089,21028,19383,23251,charge
22096,21032,19396,23254,charge
22112,21040,19415,23258,charge
22113,21043,19417,23263,charge
22117,21047,19409,23264,charge
22122,21055,19398,23270,charge
22125,21056,19404,23266,charge
22117,21057,19421,23274,charge
22106,21063,19447,23274,charge
22111,21066,19467,23282,charge
22110,21074,19470,23277,charge
22122,21069,19469,23279,charge
22121,21077,19470,23279,charge
22133,21083,19487,23293,charge
22131,21089,19513,23291,charge
22134,21094,19523,23297,charge
22139,21092,19515,23295,charge
22142,21100,19509,23302,charge
22149,21102,19499,23306,charge
22157,21110,19509,23310,charge
22154,21112,19521,23311,charge
22158,21118,19521,23315,charge
22161,21122,19521,23322,charge
22171,21123,19535,23320,charge
22172,21132,19526,23331,charge
22171,21131,19520,23330,charge
22174,21129,19504,23333,charge
22176,21129,19491,23331,charge
22177,21125,19487,23339,charge
22169,21122,19482,23337,charge
22171,21122,19473,23342,charge
22172,21122,19478,23350,charge
22165,21118,19469,23345,charge
22152,21117,19446,23347,charge
22154,21112,19429,23352,charge
22149,21110,19407,23349,charge
22147,21101,19396,23350,charge
22153,21105,19402,23351,charge
22146,21105,19403,23353,charge
22152,21101,19397,23358,charge
22140,21103,19399,23350,charge
22141,21100,19396,23357,charge
22137,21101,19400,23354,charge
22140,21097,19401,23354,charge
22138,21100,19406,23356,charge
22156,21101,19408,23364,charge
22155,21102,19412,23360,charge
22155,21112,19405,23365,charge
22154,21113,19404,23362,charge
22157,21116,19403,23368,charge
22159,21123,19404,23373,charge
22162,21126,19410,23373,charge
22162,21131,19437,23375,charge
22160,21137,19458,23381,charge
22155,21130,19474,23374,charge
22157,21142,19473,23381,charge
22157,21138,19479,23381,charge
22162,21147,19475,23383,charge
22171,21145,19481,23386,charge
22181,21150,19489,23391,charge
22189,21161,19486,23399,charge
22189,21157,19500,23390,charge
22194,21172,19516,23401,charge
22197,21175,19528,23404,charge
22198,21181,19549,23408,charge
22193,21184,19557,23407,charge
22196,21189,19563,23410,charge
22201,21188,19568,23408,charge
22214,21195,19563,23420,charge
22214,21187,19563,23417,charge
22209,21194,19561,23420,charge
22215,21188,19562,23424,charge
22209,21191,19551,23425,charge
22213,21183,19553,23427,charge
22210,21186,19557,23422,charge
22216,21184,19550,23427,charge
22210,21186,19550,23435,charge
22217,21185,19549,23437,charge
22210,21194,19547,23439,charge
22211,21191,19555,23442,charge
22209,21197,19562,23439,charge
22213,21197,19565,23443,charge
22217,21198,19574,23445,charge
22219,21202,19561,23447,charge
22227,21196,19552,23451,charge
22230,21202,19553,23453,charge
22235,21199,19549,23460,charge
22229,21200,19544,23458,charge
22234,21201,19537,23460,charge
22233,21200,19551,23459,charge
22232,21207,19560,23465,charge
22233,21210,19560,23473,charge
22235,21215,19557,23467,charge
22249,21224,19549,23475,charge
22253,21225,19552,23474,charge
22261,21234,19557,23475,charge
22265,21232,19559,23480,charge
22265,21247,19567,23485,light
22266,21247,19562,23481,light
22259,21250,19561,23489,light
22266,21256,19567,23489,light
22268,21260,19595,23497,light
22266,21266,19624,23497,light
22260,21270,19645,23499,light
22270,21272,19662,23501,light
22267,21274,19671,23505,light
22269,21276,19678,23508,light
22267,21277,19678,23506,light
22275,21277,19673,23513,light
22278,21281,19675,23512,light
22288,21286,19679,23519,light
22296,21297,19688,23519,light
22309,21309,19699,23525,light
22323,21329,19713,23528,light
22339,21355,19735,23534,light
22350,21392,19784,23532,light
22381,21429,19850,23544,light
22403,21474,19908,23546,light
22442,21520,19985,23553,light
22469,21572,20044,23559,light
22496,21623,20111,23560,light
22531,21674,20184,23571,light
22567,21722,20260,23575,light
22598,21770,20308,23584,light
22625,21812,20357,23588,light
22647,21852,20396,23596,light
22664,21887,20445,23600,light
22677,21914,20483,23601,light
22689,21945,20526,23607,light
22697,21960,20573,23614,light
22712,21981,20615,23623,light
22717,21999,20646,23620,light
22730,22006,20656,23627,light
22735,22018,20669,23625,light
22740,22019,20673,23630,light
22742,22026,20681,23628,light
22748,22033,20670,23634,light
22748,22029,20666,23636,light
22755,22031,20683,23637,light
22747,22031,20688,23637,light
22753,22024,20691,23642,light
22749,22024,20698,23641,light
22747,22025,20699,23645,light
22738,22019,20697,23638,light
22733,22011,20695,23641,light
22736,22010,20690,23642,light
22744,22006,20679,23645,light
22744,21997,20665,23646,light
22744,21997,20649,23647,light
22744,21986,20652,23649,light
22737,21983,20648,23649,light
22730,21980,20647,23640,light
22730,21969,20650,23646,light
22720,21971,20645,23645,light
22715,21963,20648,23644,light
22714,21963,20658,23648,light
22703,21958,20665,23648,light
22706,21950,20646,23655,light
22703,21944,20634,23648,light
22702,21944,20628,23648,light
22694,21938,20632,23645,light
22694,21929,20618,23655,light
22682,21926,20604,23651,light
22683,21921,20602,23647,light
22682,21918,20590,23650,light
22682,21919,20581,23647,light
22690,21908,20579,23650,light
22688,21902,20566,23648,light
22680,21901,20567,23652,light
22680,21894,20576,23649,light
22677,21891,20582,23654,light
22677,21884,20585,23650,light
22679,21883,20585,23655,light
22669,21877,20585,23658,light
22667,21876,20565,23654,light
22668,21875,20542,23649,light
22670,21870,20517,23652,light
22676,21871,20504,23651,light
22674,21871,20471,23652,light
22677,21863,20465,23653,light
22683,21866,20451,23658,light
22675,21865,20451,23654,light
22667,21858,20443,23657,light
22666,21860,20442,23656,light
22660,21854,20444,23658,light
22660,21852,20431,23655,light
22669,21847,20436,23652,light
22672,21850,20450,23657,light
22674,21848,20464,23657,light
22673,21842,20467,23660,light
22678,21843,20474,23662,light
22671,21839,20489,23660,light
22672,21837,20500,23660,light
22674,21839,20485,23664,light
22670,21835,20479,23662,light
22667,21828,20470,23662,light
22659,21827,20448,23666,light
22655,21816,20435,23665,light
22660,21814,20427,23670,light
22657,21816,20424,23664,light
22650,21808,20421,23669,light
22647,21812,20420,23671,light
22648,21802,20435,23671,light
22645,21804,20432,23672,light
22638,21796,20423,23674,light
22641,21797,20428,23671,light
22641,21798,20432,23672,light
22637,21787,20444,23666,light
22636,21796,20436,23676,light
22640,21785,20426,23672,light
22640,21789,20405,23671,light
22645,21784,20385,23676,light
22641,21787,20366,23676,light
22651,21777,20358,23675,light
22649,21774,20350,23674,light
22650,21771,20334,23668,light
22657,21767,20324,23676,light
22660,21765,20304,23676,light
22650,21762,20296,23674,light
22649,21756,20299,23675,light
22636,21755,20294,23674,light
22635,21746,20285,23674,light
22626,21743,20266,23677,light
22629,21736,20261,23676,light
22625,21740,20255,23681,light
22628,21727,20249,23681,light
22622,21728,20242,23685,light
22624,21721,20241,23680,light
22613,21724,20229,23682,light
22615,21716,20223,23682,light
22608,21715,20221,23682,light
22602,21712,20240,23679,light
22607,21705,20255,23683,light
22604,21702,20268,23682,light
22600,21696,20271,23685,light
22602,21698,20262,23689,light
22601,21688,20257,23688,light
22602,21687,20249,23690,light
22598,21680,20246,23688,light
22606,21681,20234,23694,light
22606,21680,20232,23690,light
22606,21675,20230,23690,light
22609,21681,20224,23689,light
22618,21675,20212,23694,light
22620,21677,20200,23691,light
22613,21675,20177,23688,light
22615,21681,20167,23694,light
22618,21680,20175,23693,light
22620,21682,20184,23695,light
22623,21683,20199,23703,light
22618,21685,20214,23697,light
22624,21683,20234,23707,light
22622,21688,20248,23705,light
22627,21686,20250,23705,light
22629,21683,20250,23704,light
22624,21686,20255,23704,light
22627,21690,20260,23708,light
22634,21688,20260,23714,light
22630,21689,20260,23707,light
22637,21694,20249,23710,light
22642,21697,20244,23712,light
22639,21698,20239,23719,light
22645,21698,20228,23713,light
22649,21705,20220,23716,light
22647,21696,20222,23723,light
22648,21699,20210,23716,light
22649,21701,20220,23713,light
22655,21690,20214,23724,light
22646,21692,20197,23722,light
22642,21687,20207,23718,light
22636,21685,20213,23724,light
22638,21682,20224,23722,light
22642,21683,20232,23719,light
22639,21680,20232,23725,light
22644,21675,20219,23727,light
22646,21675,20219,23725,light
22645,21672,20214,23729,medium
22641,21670,20196,23726,medium
22643,21670,20182,23725,medium
22650,21666,20180,23731,medium
22649,21671,20174,23731,medium
22643,21666,20164,23741,medium
22638,21668,20154,23735,medium
22634,21667,20164,23733,medium
22633,21667,20168,23740,medium
22635,21668,20189,23741,medium
22633,21664,20193,23746,medium
22627,21667,20182,23746,medium
22629,21665,20184,23747,medium
22632,21668,20186,23748,medium
22638,21659,20194,23748,medium
22637,21656,20192,23753,medium
22641,21653,20190,23751,medium
22638,21655,20188,23754,medium
22631,21649,20192,23752,medium
22630,21655,20187,23756,medium
22636,21651,20200,23752,medium
22636,21651,20206,23762,medium
22631,21648,20222,23753,medium
22634,21646,20215,23758,medium
22630,21649,20221,23753,medium
22633,21641,20209,23760,medium
22625,21641,20209,23760,medium
22622,21634,20229,23764,medium
22618,21636,20248,23756,medium
22626,21635,20263,23764,medium
22630,21633,20260,23760,medium
22635,21632,20255,23764,medium
22637,21638,20259,23765,medium
22640,21634,20259,23766,medium
22642,21634,20262,23765,medium
22642,21644,20265,23774,medium
22632,21642,20282,23770,medium
22624,21645,20274,23777,medium
22632,21643,20263,23774,medium
22635,21643,20255,23778,medium
22653,21649,20267,23776,medium
22662,21655,20273,23783,medium
22657,21650,20271,23784,medium
22662,21658,20269,23784,medium
22665,21658,20268,23775,medium
22672,21663,20262,23791,medium
22672,21665,20271,23785,medium
22677,21663,20278,23787,medium
22670,21667,20287,23787,medium
22671,21663,20307,23791,medium
22668,21668,20309,23793,medium
22673,21664,20304,23784,medium
22676,21671,20306,23789,medium
22679,21666,20309,23793,medium
22683,21669,20301,23797,medium
22689,21669,20293,23791,medium
22682,21677,20278,23800,medium
22683,21672,20274,23801,medium
22679,21674,20274,23800,medium
22667,21670,20290,23799,medium
22666,21670,20302,23805,medium
22666,21671,20317,23806,medium
22668,21670,20312,23811,medium
22670,21674,20305,23802,medium
22668,21669,20301,23807,medium
22678,21668,20297,23805,medium
22686,21667,20290,23808,medium
22686,21669,20307,23803,medium
22683,21669,20323,23807,medium
22679,21667,20338,23806,medium
22681,21664,20348,23810,medium
22687,21668,20343,23814,medium
22685,21670,20348,23810,medium
22681,21670,20348,23817,medium
22681,21674,20350,23816,medium
22686,21673,20350,23819,medium
22692,21674,20355,23820,medium
22688,21672,20364,23825,medium
22691,21674,20351,23825,medium
22692,21677,20347,23821,medium
22697,21677,20347,23826,medium
22693,21676,20363,23826,medium
22691,21675,20379,23832,medium
22689,21677,20383,23829,medium
22696,21672,20378,23830,medium
22693,21675,20381,23838,medium
22692,21671,20386,23834,medium
22698,21668,20395,23832,medium
22702,21671,20401,23836,medium
22703,21670,20400,23830,medium
22705,21668,20389,23836,medium
22704,21670,20376,23841,medium
22710,21664,20358,23840,medium
22715,21665,20341,23838,medium
22719,21665,20327,23846,medium
22714,21663,20329,23842,medium
22713,21661,20349,23849,medium
22711,21660,20357,23843,medium
22711,21657,20348,23845,medium
22709,21658,20338,23851,medium
22716,21650,20338,23847,medium
22715,21652,20328,23845,medium
22721,21653,20317,23852,medium
22714,21643,20308,23847,medium
22717,21639,20303,23848,medium
22709,21644,20299,23852,medium
22709,21641,20296,23845,medium
22709,21639,20297,23854,medium
22714,21635,20297,23857,medium
22712,21639,20305,23858,medium
22720,21633,20319,23854,medium
22716,21637,20316,23866,medium
22716,21633,20315,23861,medium
22714,21637,20318,23862,medium
22715,21640,20322,23866,medium
22719,21639,20329,23864,medium
22718,21639,20340,23869,medium
22727,21641,20348,23869,medium
22726,21644,20343,23872,medium
22729,21646,20342,23868,medium
22729,21649,20354,23868,medium
22732,21650,20366,23872,medium
22733,21649,20370,23874,medium
22735,21654,20377,23875,medium
22740,21655,20397,23875,medium
22741,21658,20414,23879,medium
22747,21663,20419,23880,medium
22754,21664,20417,23883,medium
22755,21670,20415,23883,medium
22759,21667,20425,23884,medium
22764,21671,20428,23883,medium
22766,21671,20432,23885,medium
22769,21671,20423,23881,medium
22761,21678,20411,23889,medium
22762,21677,20404,23890,medium
22761,21680,20404,23891,medium
22757,21678,20400,23890,medium
22762,21680,20391,23891,medium
22762,21676,20393,23892,medium
22764,21678,20400,23891,medium
22771,21681,20420,23892,medium
22772,21676,20433,23896,medium
22770,21679,20431,23890,medium
22773,21683,20431,23900,medium
22775,21683,20434,23899,medium
22768,21686,20445,23899,medium
22768,21691,20460,23900,medium
22770,21687,20464,23902,medium
22770,21692,20462,23903,medium
22777,21694,20478,23905,medium
22779,21697,20478,23907,medium
22784,21695,20481,23906,medium
22789,21698,20484,23911,medium
22787,21700,20493,23911,medium
22795,21700,20510,23910,medium
22796,21704,20521,23908,medium
22793,21702,20534,23915,medium
22798,21705,20533,23913,medium
22802,21713,20526,23913,medium
22807,21713,20517,23917,medium
22811,21711,20518,23919,medium
22809,21710,20531,23924,medium
22813,21716,20547,23920,medium
22819,21720,20568,23920,medium
22823,21723,20572,23928,medium
22821,21725,20574,23924,medium
22820,21725,20571,23929,medium
22818,21725,20572,23928,medium
22819,21731,20572,23929,medium
22819,21724,20572,23927,medium
22817,21730,20582,23934,medium
22825,21730,20588,23933,medium
22821,21733,20582,23932,medium
22825,21735,20583,23936,medium
22824,21742,20597,23938,medium
22822,21743,20613,23935,medium
22830,21748,20611,23941,medium
22837,21747,20594,23939,medium
22840,21750,20569,23943,medium
22835,21749,20578,23935,medium
22838,21754,20592,23943,medium
22835,21756,20602,23947,medium
22834,21762,20618,23940,medium
22834,21760,20623,23947,medium
22829,21764,20626,23942,medium
22842,21761,20635,23949,medium
22851,21763,20643,23947,medium
22851,21764,20637,23954,medium
22845,21765,20633,23949,medium
22849,21766,20633,23954,medium
22847,21773,20637,23955,medium
22854,21777,20651,23958,medium
22860,21780,20658,23961,medium
22866,21784,20662,23957,medium
22872,21783,20664,23960,medium
22874,21786,20673,23962,medium
22879,21783,20676,23962,medium
22882,21790,20683,23967,medium
22869,21791,20702,23961,medium
22869,21784,20725,23967,medium
22863,21792,20727,23970,medium
22874,21786,20732,23962,medium
22877,21797,20721,23967,medium
22892,21789,20722,23968,medium
22896,21801,20716,23973,medium
22893,21799,20722,23969,medium
22899,21797,20736,23979,medium
22895,21804,20750,23972,medium
22898,21800,20772,23972,medium
22895,21808,20776,23982,medium
22898,21803,20789,23981,medium
22897,21809,20792,23977,medium
22894,21803,20791,23980,medium
22897,21806,20790,23985,medium
22895,21805,20788,23991,medium
22891,21803,20773,23986,medium
22893,21800,20772,23980,medium
22897,21803,20785,23984,medium
22897,21799,20796,23985,medium
22893,21806,20792,23996,medium
22890,21805,20809,23987,medium
22902,21800,20800,23993,medium
22896,21805,20790,23984,medium
22899,21806,20792,23989,medium
22901,21805,20793,23995,medium
22894,21811,20804,23999,medium
22905,21814,20818,23996,medium
22903,21819,20823,23996,medium
22900,21821,20834,23997,medium
22911,21819,20828,23996,medium
22912,21828,20833,23998,medium
22902,21825,20835,24003,medium
22911,21826,20845,24004,medium
22903,21833,20853,24001,medium
22908,21826,20862,23999,medium
22911,21826,20860,24007,medium
22911,21829,20859,24004,medium
22920,21831,20842,24007,medium
22925,21831,20840,24001,medium
22928,21835,20836,24012,medium
22932,21837,20849,24009,medium
22932,21837,20865,24012,medium
22933,21839,20885,24007,medium
22932,21838,20886,24011,medium
22932,21838,20879,24008,medium
22934,21846,20874,24014,medium
22939,21842,20861,24012,medium
22945,21842,20852,24019,medium
22945,21848,20869,24008,medium
22946,21844,20887,24014,medium
22947,21849,20907,24015,medium
22942,21854,20914,24022,medium
22941,21850,20917,24012,medium
22943,21851,20925,24014,medium
22939,21849,20931,24018,medium
22937,21850,20944,24015,medium
22931,21855,20954,24023,medium
22939,21856,20964,24022,medium
22941,21851,20971,24024,medium
22939,21857,20974,24020,medium
22949,21856,20984,24025,medium
22952,21864,20987,24026,medium
22950,21859,20995,24020,medium
22955,21860,20999,24027,medium
22951,21867,21002,24026,medium
22950,21864,20998,24028,medium
22955,21862,20998,24028,dark
22955,21864,21002,24026,dark
22960,21868,21006,24030,dark
22962,21875,21004,24031,dark
22965,21871,20998,24032,dark
22970,21876,20989,24032,dark
22974,21874,20983,24031,dark
22979,21878,20976,24038,dark
22978,21880,20968,24036,dark
22980,21876,20968,24033,dark
22986,21876,20978,24030,dark
22981,21884,20985,24038,dark
22984,21882,20997,24042,dark
22980,21886,21001,24036,dark
22989,21881,20996,24039,dark
22986,21887,20995,24038,dark
22989,21882,21000,24042,finish
22988,21886,20996,24047,finish
22987,21887,20992,24041,finish
22989,21889,21006,24039,finish
22994,21890,21008,24045,finish
22987,21893,21015,24051,finish
22989,21890,21022,24045,finish
22989,21894,21019,24048,finish
22988,21888,21017,24044,finish
22994,21890,21011,24048,finish
22991,21882,21017,24050,finish
22991,21882,21012,24050,finish
22985,21876,21009,24045,finish
22985,21866,21003,24049,finish
22978,21856,20993,24046,finish
22968,21846,20983,24043,finish
22963,21837,20965,24048,finish
22954,21826,20953,24045,finish
22953,21813,20944,24043,finish
22937,21806,20934,24042,finish
22926,21789,20923,24037,finish
22917,21777,20914,24039,finish
22905,21766,20899,24041,finish
22896,21745,20890,24037,finish
22884,21729,20871,24035,finish
22872,21715,20853,24031,finish
22866,21701,20831,24027,finish
22855,21680,20805,24025,finish
22844,21663,20786,24016,finish
22835,21648,20765,24016,finish
22817,21623,20739,24010,finish
22813,21606,20722,24005,finish
22795,21591,20701,24001,finish
22783,21566,20673,23998,finish
22768,21551,20653,23991,finish
22755,21529,20625,23987,finish
22748,21510,20595,23980,finish
22735,21495,20574,23977,finish
22725,21474,20555,23974,finish
22717,21461,20531,23970,finish
22706,21444,20516,23968,finish
22694,21424,20495,23961,finish
22685,21409,20472,23959,finish
22667,21393,20453,23952,finish
22653,21372,20434,23948,finish
22641,21359,20420,23945,finish
22633,21342,20402,23937,finish
22617,21329,20390,23934,finish
22615,21312,20367,23933,finish
22600,21299,20354,23924,finish
22590,21284,20339,23925,finish
22582,21276,20332,23915,finish
22581,21262,20314,23917,finish
22575,21253,20290,23912,finish
22577,21237,20266,23907,finish
22560,21225,20250,23902,finish
22559,21210,20244,23897,finish
22552,21205,20239,23894,finish
22542,21188,20231,23894,finish
22538,21180,20231,23883,finish
22530,21168,20217,23882,finish
22526,21160,20211,23879,finish
22518,21148,20197,23876,finish
22515,21136,20184,23872,finish
22507,21120,20177,23865,finish
22500,21111,20164,23863,finish
22497,21097,20160,23863,finish
22486,21089,20146,23857,finish
22484,21077,20131,23855,finish
22478,21066,20122,23850,finish
22471,21062,20108,23848,finish
22465,21047,20100,23842,finish
22459,21040,20082,23833,finish
22450,21031,20072,23835,finish
22447,21022,20058,23835,finish
22446,21022,20059,23829,finish
22446,21019,20051,23829,finish
22447,21020,20051,23821,finish
22449,21025,20052,23814,finish
22449,21028,20058,23809,finish
22458,21036,20068,23813,finish
22459,21047,20088,23811,finish
22468,21069,20107,23803,finish
22477,21077,20132,23796,finish
22492,21104,20145,23793,finish
22506,21124,20177,23791,finish
22516,21147,20195,23788,finish
22534,21169,20225,23786,finish
22544,21197,20247,23782,finish
22556,21210,20283,23782,finish
22569,21238,20307,23773,finish
22579,21253,20334,23774,finish
22582,21266,20355,23767,finish
22591,21286,20372,23769,finish
22595,21294,20395,23761,finish
22596,21310,20407,23765,finish
22609,21317,20432,23756,finish
22613,21330,20440,23754,finish
22613,21331,20446,23750,finish
22610,21334,20457,23743,finish
22615,21344,20456,23745,finish
22610,21335,20459,23739,finish
22607,21342,20451,23739,finish
22607,21337,20452,23732,finish
22601,21335,20448,23730,finish
22597,21330,20438,23723,finish
22592,21319,20430,23718,finish
22586,21318,20422,23720,finish
22584,21307,20412,23720,finish
22576,21305,20407,23706,finish
22573,21296,20384,23708,finish
22568,21280,20378,23698,finish
22558,21276,20362,23698,finish
22552,21258,20353,23696,finish
22540,21254,20330,23685,finish
22538,21237,20310,23686,finish
22529,21224,20286,23676,finish
22517,21212,20267,23678,finish
22508,21198,20253,23675,finish
22500,21192,20239,23665,finish
22496,21170,20216,23674,finish
22483,21153,20204,23663,finish
22471,21143,20186,23659,finish
22460,21130,20169,23657,finish
22449,21115,20154,23651,finish
22442,21100,20128,23649,finish
22438,21085,20110,23644,finish
22427,21072,20089,23638,finish
22421,21053,20073,23634,finish
22409,21042,20051,23629,finish
22404,21029,20031,23627,finish
22393,21014,20013,23624,finish
22387,20999,20000,23619,finish
22381,20983,19983,23616,finish
22372,20968,19968,23614,finish
22365,20952,19954,23607,finish
22353,20937,19934,23603,finish
22343,20925,19918,23602,finish
22331,20907,19900,23597,finish
22322,20894,19878,23595,finish
22314,20876,19859,23591,finish
22309,20862,19838,23595,finish
22295,20850,19827,23586,finish
22289,20838,19805,23583,finish
22286,20821,19790,23579,finish
22274,20805,19776,23576,finish
22264,20787,19761,23572,finish
22256,20773,19747,23571,finish
22245,20756,19726,23564,finish
22235,20741,19706,23560,finish
22228,20731,19688,23554,finish
22213,20715,19664,23548,finish
22205,20696,19650,23549,finish
22190,20685,19625,23540,finish
22184,20668,19609,23542,finish
22172,20655,19585,23536,finish
22162,20639,19572,23532,finish
22151,20619,19552,23530,finish
22144,20609,19533,23526,finish
22136,20592,19510,23516,finish
22128,20581,19492,23516,finish
22118,20566,19473,23515,finish
22110,20555,19453,23511,finish
22095,20539,19437,23511,finish
22089,20522,19426,23507,finish
22080,20511,19412,23499,finish
22077,20500,19398,23495,finish
22062,20483,19378,23490,finish
22056,20466,19356,23490,finish
22043,20450,19338,23484,finish
22043,20440,19320,23482,finish
22028,20426,19303,23480,finish
22026,20414,19285,23477,finish
22012,20401,19274,23471,finish
22009,20391,19256,23466,finish
22002,20372,19239,23463,finish
21993,20364,19225,23464,finish
21984,20349,19209,23459,finish
21974,20342,19195,23457,finish
21966,20328,19171,23455,finish
21959,20316,19159,23445,finish
21947,20299,19139,23442,finish
21942,20289,19128,23443,finish
21937,20277,19114,23441,finish
21926,20267,19107,23433,finish
21917,20254,19087,23429,finish
21909,20242,19076,23431,finish
21902,20235,19062,23423,finish
21893,20218,19052,23423,finish
21882,20215,19040,23416,finish
21876,20200,19019,23411,finish
21872,20188,19002,23409,finish
21862,20174,18990,23407,finish
21859,20170,18978,23403,finish
21857,20156,18966,23403,finish
21846,20147,18951,23397,finish
21846,20136,18940,23397,finish
21832,20129,18929,23393,finish
21823,20116,18918,23393,finish
21819,20108,18913,23383,finish
21812,20099,18903,23384,finish
21812,20086,18887,23382,finish
21803,20075,18876,23373,finish
21799,20070,18857,23375,finish
21786,20055,18845,23373,finish
21790,20046,18834,23368,finish
21784,20037,18824,23364,finish
21780,20026,18813,23364,finish
21770,20017,18797,23359,finish
21764,20007,18787,23360,finish
21756,20003,18777,23357,finish
21756,19994,18761,23354,finish
21747,19985,18749,23349,finish
21739,19978,18734,23349,finish
21736,19968,18726,23345,finish
21734,19956,18714,23343,finish
21723,19951,18700,23337,finish
21720,19947,18695,23339,finish
21716,19938,18690,23337,finish
21716,19934,18688,23338,finish
21707,19929,18682,23333,finish
21699,19921,18677,23332,finish
21699,19917,18675,23328,finish
21696,19911,18670,23321,finish
21698,19909,18667,23328,finish
21695,19901,18667,23324,finish
21694,19902,18661,23322,finish
21698,19898,18660,23322,finish
21695,19893,18654,23318,finish
21688,19889,18650,23318,finish
21691,19881,18644,23314,finish
21683,19878,18634,23310,finish
21682,19874,18633,23310,finish
21682,19868,18628,23307,finish
21681,19866,18626,23308,finish
21680,19861,18616,23301,finish
21679,19851,18604,23302,finish
21674,19853,18585,23303,finish
21675,19845,18565,23292,finish
21671,19840,18556,23290,finish
21671,19835,18542,23292,finish
21664,19827,18527,23286,finish
21669,19826,18523,23289,finish
21667,19823,18524,23285,finish
21661,19816,18521,23288,finish
21656,19812,18522,23281,finish
21657,19806,18512,23282,finish
21654,19802,18503,23275,finish
21656,19797,18489,23273,finish
21651,19790,18481,23270,finish
21646,19787,18473,23269,finish
21648,19786,18473,23268,finish
21639,19779,18472,23265,finish
21639,19777,18468,23266,finish
21631,19770,18457,23263,finish
21630,19767,18456,23256,finish
21623,19762,18450,23253,finish
21615,19755,18445,23253,finish
21610,19755,18443,23252,finish
21608,19751,18438,23251,finish
21608,19746,18433,23249,finish
21601,19738,18432,23244,finish
21595,19739,18424,23247,finish
21597,19730,18411,23243,finish
21596,19730,18406,23237,finish
21594,19724,18403,23238,finish
21584,19715,18400,23235,finish
21588,19716,18401,23234,finish
21581,19714,18398,23230,finish
21577,19710,18396,23235,finish
21574,19707,18390,23233,finish
21577,19707,18391,23233,finish
21576,19701,18388,23227,finish
21573,19697,18385,23228,finish
21572,19698,18381,23229,finish
21570,19695,18383,23226,finish
21566,19692,18384,23226,finish
21569,19692,18377,23225,finish
21566,19684,18359,23218,finish
21564,19686,18349,23223,finish
21566,19679,18345,23227,finish
21568,19676,18333,23223,finish
21564,19673,18322,23219,finish
21560,19675,18320,23221,finish
21552,19672,18317,23214,finish
21552,19670,18324,23212,finish
21548,19668,18323,23213,finish
21544,19663,18320,23214,finish
21543,19658,18312,23210,finish
21537,19657,18311,23212,finish
21541,19657,18301,23212,finish
21543,19655,18305,23207,finish
21544,19655,18304,23208,finish
21550,19646,18298,23203,finish
21547,19644,18290,23202,finish
21551,19644,18290,23205,finish
21552,19646,18280,23198,finish
21556,19645,18262,23202,finish
21558,19641,18252,23201,finish
21551,19637,18248,23200,finish
21548,19637,18259,23196,finish
21548,19635,18264,23192,finish
21545,19632,18272,23195,finish
21544,19630,18280,23197,finish
21541,19626,18279,23193,finish
21544,19621,18287,23192,finish
21538,19626,18275,23192,finish
21539,19625,18267,23187,finish
21536,19615,18263,23187,finish
21537,19610,18267,23184,finish
21534,19610,18270,23187,finish
21541,19612,18264,23180,finish
21537,19606,18257,23181,finish
21535,19604,18234,23182,finish
21533,19600,18219,23185,finish
21534,19596,18207,23182,finish
21526,19594,18205,23178,finish
21521,19589,18187,23176,finish
21523,19587,18178,23173,finish
21521,19583,18175,23169,finish
21518,19579,18165,23171,finish
21516,19580,18164,23164,finish
21509,19574,18164,23162,finish
21507,19575,18166,23162,finish
21507,19567,18168,23163,finish
21507,19565,18171,23158,finish
21506,19564,18173,23160,finish
21502,19556,18177,23158,finish
21504,19555,18181,23152,finish
21508,19550,18185,23148,finish
21501,19548,18172,23149,finish
21498,19543,18169,23147,finish
21497,19545,18159,23141,finish
21493,19541,18151,23149,finish
21494,19534,18148,23135,finish
21492,19532,18149,23141,finish
21493,19531,18145,23137,finish
21487,19527,18132,23137,finish
21486,19524,18121,23138,finish
21480,19518,18115,23132,finish
21477,19513,18109,23135,finish
21474,19508,18109,23126,finish
21470,19503,18110,23126,finish
21465,19502,18106,23126,finish
21465,19494,18103,23122,finish
21459,19496,18097,23117,finish
21455,19491,18097,23118,finish
21451,19484,18085,23112,finish
21447,19480,18080,23113,finish
21444,19473,18074,23108,finish
21444,19470,18063,23107,finish
21441,19464,18054,23107,finish
21440,19457,18051,23101,finish
21430,19454,18051,23100,finish
21429,19450,18054,23100,finish
21423,19445,18051,23095,finish
21420,19442,18048,23094,finish
21416,19438,18042,23093,finish
21418,19426,18031,23090,finish
21410,19422,18031,23091,finish
21410,19422,18025,23088,finish
21408,19418,17997,23087,finish
21407,19407,17989,23080,finish
21403,19407,17975,23080,finish
21400,19408,17959,23080,finish
21398,19402,17935,23079,finish
21406,19400,17914,23068,finish
21404,19389,17905,23076,finish
21399,19385,17903,23069,finish
21394,19388,17899,23063,finish
21396,19379,17899,23064,finish
21386,19375,17892,23063,finish
21387,19369,17884,23058,finish
21385,19370,17881,23055,finish
21384,19361,17879,23058,finish
21377,19360,17879,23060,finish
21378,19353,17891,23055,finish
21372,19348,17890,23051,finish
21371,19348,17900,23053,finish
21358,19343,17906,23044,finish
21355,19343,17899,23049,finish
21352,19332,17889,23044,finish
21352,19328,17875,23039,finish
21350,19324,17862,23043,finish
21349,19322,17857,23039,finish
21347,19320,17847,23040,finish
21335,19313,17846,23026,finish
21338,19309,17844,23034,finish
21334,19303,17837,23032,finish
21337,19302,17831,23032,finish
21340,19300,17831,23039,finish
21336,19299,17827,23032,finish
21334,19297,17830,23031,finish
21329,19289,17837,23027,finish
21320,19283,17839,23028,finish
21319,19281,17840,23017,finish
21323,19276,17833,23025,finish
21320,19271,17832,23022,finish
21320,19269,17820,23019,finish
21321,19271,17811,23020,finish
21315,19260,17799,23011,finish
21314,19262,17792,23016,finish
21306,19255,17789,23010,finish
21311,19259,17785,23008,finish
21310,19248,17772,23002,finish
21303,19248,17765,23002,finish
21306,19242,17753,23005,finish
21301,19237,17752,22999,finish
21299,19230,17741,22997,finish
21299,19229,17727,22988,finish
21293,19224,17712,22996,finish
21295,19219,17704,22994,finish
21291,19220,17697,22991,finish
21295,19219,17688,22985,finish
21290,19206,17683,22990,finish
21278,19207,17673,22986,finish
21280,19201,17670,22981,finish
21272,19196,17668,22983,finish
21272,19192,17665,22981,finish
21266,19193,17655,22974,finish
21267,19192,17650,22979,finish
21262,19184,17641,22971,finish
21258,19186,17637,22974,finish
21259,19179,17639,22974,finish
21251,19173,17632,22966,finish
21248,19169,17629,22971,finish
21249,19173,17626,22965,finish
21249,19161,17614,22967,finish
21245,19165,17611,22960,finish
21248,19159,17605,22964,finish
21240,19153,17595,22962,finish
21242,19152,17599,22959,finish
21235,19147,17596,22948,finish
21230,19144,17600,22950,finish
21228,19139,17593,22949,finish
21228,19136,17583,22946,finish
21223,19135,17572,22943,finish
21220,19127,17564,22944,finish
21220,19121,17549,22939,finish
21213,19121,17547,22938,finish
21209,19114,17549,22939,finish
21204,19114,17548,22933,finish
21207,19105,17532,22931,finish
21203,19105,17516,22933,finish
21200,19101,17503,22932,finish
21197,19096,17494,22925,finish
21198,19091,17486,22925,finish
21199,19084,17483,22921,finish
21196,19085,17475,22918,finish
21189,19073,17471,22913,finish
21191,19073,17454,22912,finish
21187,19070,17445,22912,finish
21185,19067,17432,22914,finish
21187,19066,17422,22911,finish
21178,19056,17401,22905,finish
21177,19054,17396,22903,finish
21171,19047,17374,22903,finish
21166,19045,17353,22898,finish
21162,19041,17334,22902,finish
21157,19039,17326,22902,finish
21149,19036,17323,22896,finish
21143,19030,17318,22901,finish
21140,19022,17322,22890,finish
21138,19019,17318,22892,finish
21131,19014,17310,22886,finish
21135,19009,17304,22888,finish
21137,19006,17293,22887,finish
21134,19004,17287,22879,finish
21130,19000,17288,22880,finish
21129,18991,17288,22879,finish
21132,18990,17284,22877,finish
21130,18986,17285,22879,finish
21125,18983,17285,22878,finish
21123,18982,17274,22875,finish
21120,18975,17267,22874,finish
21120,18972,17266,22872,finish
21118,18971,17260,22870,finish
21111,18963,17249,22868,finish
21111,18960,17241,22867,finish
21108,18952,17234,22868,finish
21106,18953,17230,22867,finish
21105,18950,17222,22862,finish
21099,18947,17212,22864,finish
21093,18943,17208,22860,finish
21091,18938,17202,22853,finish
21087,18936,17189,22859,finish
21081,18932,17182,22854,finish
21077,18924,17166,22847,finish
21069,18921,17163,22854,finish
21066,18920,17155,22849,finish
21062,18913,17154,22848,finish
21059,18911,17154,22839,finish
21062,18910,17157,22843,finish
21064,18902,17149,22845,finish
21058,18901,17147,22838,finish
21054,18896,17136,22840,finish
21055,18893,17128,22836,finish
21055,18893,17120,22833,finish
21056,18886,17110,22833,finish
21052,18886,17103,22832,finish
21052,18881,17093,22829,finish
21038,18879,17087,22825,finish
21035,18875,17084,22826,finish
21035,18869,17075,22824,finish
21029,18870,17062,22823,finish
21026,18864,17051,22819,finish
21016,18860,17034,22818,finish
21016,18860,17025,22822,finish
21011,18852,17026,22816,finish
21013,18856,17022,22817,finish
21012,18845,17023,22816,finish
21010,18845,17026,22812,finish
21004,18842,17024,22809,finish
21002,18840,17013,22814,finish
20997,18837,17000,22811,finish
20997,18838,16988,22809,finish
20994,18831,16988,22804,finish
20993,18832,16998,22806,finish
20985,18822,17012,22801,finish
20984,18824,17020,22805,finish
20980,18816,17019,22802,finish
20985,18821,17026,22800,finish
20981,18819,17031,22804,finish
20982,18814,17024,22796,finish
20983,18812,17016,22794,finish
20980,18812,17013,22795,finish
20973,18808,17013,22798,finish
20980,18808,17012,22797,finish
20978,18809,17010,22797,finish
20979,18804,17005,22795,finish
20973,18804,16998,22791,finish
20978,18801,16996,22792,finish
20963,18800,17000,22784,finish
20967,18795,17002,22785,finish
20960,18800,17002,22790,finish
20957,18795,17013,22785,finish
20955,18797,17017,22783,finish
20962,18790,17013,22782,finish
20955,18792,17000,22780,finish
20953,18787,17003,22775,finish
20952,18787,17008,22779,finish
20954,18786,17010,22778,finish
20950,18785,17004,22778,finish
20952,18779,16987,22779,finish
20960,18777,16980,22776,finish
20953,18773,16964,22773,finish
20948,18768,16953,22771,finish
20941,18769,16946,22773,finish
20935,18763,16938,22766,finish
20937,18762,16927,22763,finish
20935,18755,16925,22765,finish
20936,18754,16907,22761,finish
20940,18751,16893,22761,finish
20936,18748,16882,22761,finish
20935,18741,16874,22763,finish
20936,18742,16881,22762,finish
20933,18737,16872,22756,finish
20932,18737,16864,22749,finish
20923,18734,16862,22753,finish
20924,18733,16850,22752,finish
20920,18724,16840,22746,finish
20917,18724,16824,22746,finish
20913,18722,16808,22750,finish
20903,18716,16792,22743,finish
20902,18711,16777,22740,finish
20897,18707,16775,22743,finish
20891,18706,16761,22738,finish
20893,18701,16753,22737,finish
20897,18697,16741,22737,finish
20888,18690,16738,22734,finish
20889,18689,16743,22730,finish
20888,18686,16749,22735,finish
20887,18685,16748,22732,finish
20883,18686,16749,22732,finish
20879,18677,16744,22730,finish
20871,18676,16741,22725,finish
20873,18672,16747,22731,finish
20869,18670,16745,22728,finish
20868,18667,16749,22729,finish
20860,18667,16743,22723,finish
20859,18663,16725,22725,finish
20856,18661,16717,22722,finish
20858,18653,16714,22724,finish
20858,18660,16719,22723,finish
20858,18658,16714,22724,finish
20856,18658,16720,22721,finish
20854,18658,16716,22718,finish
20848,18653,16717,22719,finish
20847,18652,16711,22721,finish
20843,18652,16703,22714,finish
20843,18650,16685,22716,finish
20842,18651,16690,22715,finish
20848,18652,16689,22723,finish
20849,18651,16701,22718,finish
20852,18652,16702,22716,finish
20852,18649,16718,22714,finish
20856,18653,16728,22714,finish
20850,18654,16733,22708,finish
20843,18653,16729,22714,finish
20849,18652,16723,22710,finish
20850,18653,16710,22719,finish
20854,18656,16710,22708,finish
20858,18655,16710,22712,finish
20852,18654,16718,22711,finish
20859,18656,16711,22713,finish
20849,18653,16697,22706,finish
20850,18656,16679,22712,finish
20845,18653,16683,22707,finish
20847,18653,16684,22707,finish
20850,18646,16690,22706,finish
20847,18646,16688,22702,finish
20857,18644,16692,22703,finish
20852,18647,16691,22705,finish
